scene,run,view_index_zero_based,input_name,source_image,render_path,reference_path,width,height,lpips_alex_v01,psnr_png_db,split,render_sha256,reference_sha256
工程车,kitchen_12,0,000.png,vendor\vggt\examples\kitchen\images\00.png,outputs\kitchen_12\render_000.png,outputs\kitchen_12\colmap\images\000.png,518,350,0.21799317002296448,17.390265397279773,training,22858faa3ebffaf40b76f42476bad3679110402959a98c32a1c9ff5257ebea83,e3008f4f2472f3b5bc837dd674c7f62746566b81df06a4ff1d825ff02760f251
工程车,kitchen_12,1,001.png,vendor\vggt\examples\kitchen\images\02.png,outputs\kitchen_12\render_001.png,outputs\kitchen_12\colmap\images\001.png,518,350,0.15326598286628723,19.105709439344373,training,e6569e11e38658958b96fd53e1bb657db4e98d639443b77f3b0b9144b2a81368,04981066901e9fbf669025de35576b246878c687d87f75dc86fcf09a92fbc9f3
工程车,kitchen_12,2,002.png,vendor\vggt\examples\kitchen\images\04.png,outputs\kitchen_12\render_002.png,outputs\kitchen_12\colmap\images\002.png,518,350,0.26776793599128723,17.72477089919455,training,432abc9d3d1e55886dfabdb04c0c79cad75c973fc4ac2c95ad9ab368b188b0df,58538b1506e4f63bd6d7ae176621c0955a062a62d79eaadab2ec0dab5c0e1c88
工程车,kitchen_12,3,003.png,vendor\vggt\examples\kitchen\images\06.png,outputs\kitchen_12\render_003.png,outputs\kitchen_12\colmap\images\003.png,518,350,0.24341988563537598,17.117235846174893,training,4e6e340dfab847628b4e93842de1e6b13b07b230a4840ac18686a3f22dab916a,ad4d1d333afe1e6956b35fc57e4ea0f9e69dd292941f32c5bd847f5d9d864e97
工程车,kitchen_12,4,004.png,vendor\vggt\examples\kitchen\images\08.png,outputs\kitchen_12\render_004.png,outputs\kitchen_12\colmap\images\004.png,518,350,0.23631569743156433,15.988805941254245,training,9bef59294cecd18b06fd7e35d6ea9076cd839ba17607e38290835d6715336d34,d839f96a1c5b718da61223ce53d697967441719f75b37a1e55fae7b0ad26a9dc
工程车,kitchen_12,5,005.png,vendor\vggt\examples\kitchen\images\10.png,outputs\kitchen_12\render_005.png,outputs\kitchen_12\colmap\images\005.png,518,350,0.13342483341693878,22.426327749530465,training,1523b905a604b37b94a3423a4e6b96cc0ce137cc6eaac5e85e3055e8ed89a846,3a3e6a03652580fa7c136cc56127fe429ae5474a9025026d1dd37cc1efdc9934
工程车,kitchen_12,6,006.png,vendor\vggt\examples\kitchen\images\13.png,outputs\kitchen_12\render_006.png,outputs\kitchen_12\colmap\images\006.png,518,350,0.1367247998714447,25.45536634370813,training,c316f94f93e933a0a38815eb87d0682ac8a6aedf6d95d314338cf3a412129e46,0c582495ed36d7c0d00ec9b8860dea18d69dc40581644ee3a2a85c7700619181
工程车,kitchen_12,7,007.png,vendor\vggt\examples\kitchen\images\15.png,outputs\kitchen_12\render_007.png,outputs\kitchen_12\colmap\images\007.png,518,350,0.2863911986351013,22.011603389034473,training,4f545315082be17750e1a743276e09e033a56ac15b172e37b9933d86633bf0a2,10cb4c0176825bfb7fa499cc8163d17a75001c92634d69fe4cc38749f0541613
工程车,kitchen_12,8,008.png,vendor\vggt\examples\kitchen\images\17.png,outputs\kitchen_12\render_008.png,outputs\kitchen_12\colmap\images\008.png,518,350,0.13014155626296997,24.281120927993108,training,facd37acc40af66ebc2d1bb2d19c31737275b16ef31f1ddad85cba06f9eca4ca,d4c839ea6e6a0df50d770b3752e074956bf6f3aa78d9b8ba76ba0415eaf8fb69
工程车,kitchen_12,9,009.png,vendor\vggt\examples\kitchen\images\19.png,outputs\kitchen_12\render_009.png,outputs\kitchen_12\colmap\images\009.png,518,350,0.09822497516870499,24.64593213584706,training,16f8b63fd017d40dd7604456cbe9ae98610e2c8366b506c029ac477d4ce15afb,34eb1fa30e2ec8dc76a2b638323f9937346fe078b683391afe1200beb4edfe20
工程车,kitchen_12,10,010.png,vendor\vggt\examples\kitchen\images\21.png,outputs\kitchen_12\render_010.png,outputs\kitchen_12\colmap\images\010.png,518,350,0.14773768186569214,24.178830936960715,training,8a6eb73b098f406370d116d9710b767fbf63b18e1480706621baabc8583c0c7f,2ee75c08e8647513dbf24713c9de550014b1c41cffe38819e0d0f0c5be79aea9
工程车,kitchen_12,11,011.png,vendor\vggt\examples\kitchen\images\24.png,outputs\kitchen_12\render_011.png,outputs\kitchen_12\colmap\images\011.png,518,350,0.17009340226650238,18.708668718327782,training,2dd727ae52b83577490423b8b562cc7f295b2ecd5fcf5e2f55abcb1bcd8a13cc,3af53768a9553f072cc84a746185247d743ba8ff220ab1637df88b9577dc6103
网球,tennis_context_9,0,000.png,C:\Users\qzq\Desktop\SDU\开放创新实践2\网球\1.png,outputs\tennis_context_9\render_000.png,outputs\tennis_context_9\colmap\images\000.png,518,392,0.010839594528079033,36.72335534684397,training,4bfca078d6d86ee8ca9afa8cca6b143992d8a8b1de309afb950531cad4140b1b,1bd343d459ddba56ef08854efe9fab12427e4838edf8746b8dfd425852736e3d
网球,tennis_context_9,1,001.png,C:\Users\qzq\Desktop\SDU\开放创新实践2\网球\2.png,outputs\tennis_context_9\render_001.png,outputs\tennis_context_9\colmap\images\001.png,518,392,0.009503561072051525,38.30454574789135,training,d1eafdf2a464a647094949dac802fd485223886b917ab6979dc848007d95b1d4,a2c5491ce158f47de47becdc6622ac62dff02f5de919da5c46dad374ec8463f6
网球,tennis_context_9,2,002.png,C:\Users\qzq\Desktop\SDU\开放创新实践2\网球\3.png,outputs\tennis_context_9\render_002.png,outputs\tennis_context_9\colmap\images\002.png,518,392,0.015346286818385124,36.97456432102403,training,ea767409e0bfaba9a4a390fd5d9eb194f4b3d9b1c12425a2120f84819c15f438,9a5fd3594cd40465cb55aaaf6acef50b9cf2767f154281fa046fc26f8a772457
网球,tennis_context_9,3,003.png,C:\Users\qzq\Desktop\SDU\开放创新实践2\网球\4.png,outputs\tennis_context_9\render_003.png,outputs\tennis_context_9\colmap\images\003.png,518,392,0.017518343403935432,35.217192769092485,training,71a2849250e0f363fc42470fa6877657301c4b071ab3460af447957bb423fe6b,b10ac1d2c18d16ed5a9dc8a98f14802782eb4e6846a68a91dfb97f3b77ce6e87
网球,tennis_context_9,4,004.png,C:\Users\qzq\Desktop\SDU\开放创新实践2\网球\5.png,outputs\tennis_context_9\render_004.png,outputs\tennis_context_9\colmap\images\004.png,518,392,0.010431035421788692,35.72217339845365,training,57f88eba0ae8403d3c2a1239f46334d9bcf62a693929c58b1d1b8b863bf1c0ad,f1afcb147477564a2c074a777ac73abe2e4e3ddd568395f39081362f3c66c17a
网球,tennis_context_9,5,005.png,C:\Users\qzq\Desktop\SDU\开放创新实践2\网球\6.png,outputs\tennis_context_9\render_005.png,outputs\tennis_context_9\colmap\images\005.png,518,392,0.01227596029639244,36.06491313193002,training,ef696ac7ea5e58a2122052145089b900b43582aab9bf8119bf8aed207f82edc1,41401dafa9feab025c62081ee561f44e459d71b5412e72cb2e4f2c75c1ad78d5
网球,tennis_context_9,6,006.png,C:\Users\qzq\Desktop\SDU\开放创新实践2\网球\7.png,outputs\tennis_context_9\render_006.png,outputs\tennis_context_9\colmap\images\006.png,518,392,0.017332041636109352,35.66575253815792,training,e93b020a0886ccdadc92f696b959c6e5cc78b40c73526373dadb5325c13ec6f2,345d318de11347a561ddada2816c136655bbe312808ce7fd5e39f2a14b9fbef3
网球,tennis_context_9,7,007.png,C:\Users\qzq\Desktop\SDU\开放创新实践2\网球\8.png,outputs\tennis_context_9\render_007.png,outputs\tennis_context_9\colmap\images\007.png,518,392,0.012511739507317543,36.57551147234349,training,ea527cac6c3bb9469d690b4594dbc118f3ede91f7a1fbf37a7a3a7a741d3eb0f,647676d5df3991854b85ebc20779c023ed092244c583673e6e53ba08e6089b97
网球,tennis_context_9,8,008.png,C:\Users\qzq\Desktop\SDU\开放创新实践2\网球\9.png,outputs\tennis_context_9\render_008.png,outputs\tennis_context_9\colmap\images\008.png,518,392,0.012718996964395046,36.706854419945444,training,e6b9741a1f21ec04d7d460eb5dd5405fef6fcc1c7920861fc64f62ce2c2062e0,e4eb035032e087033dddc54a3acf5c988e1886c3cae38c5400ecd54207911b89
